{"cameraMode":{"drawMode":0,"name":"Shaded","section":"Shading Mode"},"sceneLighting":false,"audioPlay":false,"sceneViewState":{"m_AlwaysRefresh":false,"showFog":true,"showSkybox":false,"showFlares":true,"showImageEffects":true,"showParticleSystems":true,"showVisualEffectGraphs":true,"m_FxEnabled":true},"in2DMode":false,"pivot":{"x":-2.6855127811431886,"y":13.00776195526123,"z":0.3631553649902344},"rotation":{"x":-0.08982253074645996,"y":0.03346128761768341,"z":-0.0030608682427555324,"w":-0.9953525066375732},"size":16.301671981811525,"orthographic":false}