{"cameraMode":{"drawMode":0,"name":"Shaded","section":"Shading Mode"},"sceneLighting":false,"audioPlay":false,"sceneViewState":{"m_AlwaysRefresh":false,"showFog":true,"showSkybox":false,"showFlares":true,"showImageEffects":true,"showParticleSystems":true,"showVisualEffectGraphs":true,"m_FxEnabled":true},"in2DMode":false,"pivot":{"x":-1.1198444366455079,"y":10.287660598754883,"z":-0.031036376953125},"rotation":{"x":-0.038988132029771808,"y":0.000606478366535157,"z":-0.00006457430572481826,"w":-0.9992017149925232},"size":17.000749588012697,"orthographic":false}